Workbook
Name SelectedSKU: Params!$B$3
Name SKU_A100: History!$B$2:$B$37
Name SKU_B200: History!$C$2:$C$37
Name SKU_C300: History!$D$2:$D$37
Name Months: History!$A$2:$A$37

Sheet History
A1: Month | B1: SKU-A100 | C1: SKU-B200 | D1: SKU-C300
A2: 44927 | B2: 1239 | C2: 632 | D2: 305
A3: 44958 | B3: 1353 | C3: 667 | D3: 355
A4: 44986 | B4: 1414 | C4: 718 | D4: 345
A5: 45017 | B5: 1444 | C5: 780 | D5: 401
A6: 45047 | B6: 1450 | C6: 772 | D6: 412
A7: 45078 | B7: 1371 | C7: 761 | D7: 363
A8: 45108 | B8: 1269 | C8: 663 | D8: 366
A9: 45139 | B9: 1213 | C9: 607 | D9: 345
A10: 45170 | B10: 1137 | C10: 557 | D10: 302
A11: 45200 | B11: 1185 | C11: 618 | D11: 343
A12: 45231 | B12: 1169 | C12: 576 | D12: 303
A13: 45261 | B13: 1250 | C13: 634 | D13: 359
... A37: 45992 | B37: 1708 | C37: 795 | D37: 613

Sheet Forecast
A1: FY26 Demand Forecast (statistical)
A3: Month | B3: SKU-A100 ETS | C3: SKU-B200 ETS | D3: SKU-C300 ETS | E3: SKU-A100 Linear | F3: SKU-B200 Linear | G3: SKU-C300 Linear | H3: Selected SKU Trend | I3: Selected 3M MA | K3: Next 12 periods
A4: 46023 | B4: =_xlfn.FORECAST.ETS($A4,SKU_A100,Months,Params!$B$4,1) -> 1683.4143 | C4: =_xlfn.FORECAST.ETS($A4,SKU_B200,Months,Params!$B$4,1) -> 786.3881 | D4: =_xlfn.FORECAST.ETS($A4,SKU_C300,Months,Params!$B$4,1) -> 534.74286 | E4: =_xlfn.FORECAST.LINEAR($A4,SKU_A100,Months) -> 1786.6365 | F4: =_xlfn.FORECAST.LINEAR($A4,SKU_B200,Months) -> 830.69365 | G4: =_xlfn.FORECAST.LINEAR($A4,SKU_C300,Months) -> 589.40952 | H4: =TREND(INDIRECT(SUBSTITUTE(SelectedSKU,"-","_")),Months,$A4) -> 1786.6365 | I4: =AVERAGE(OFFSET(INDEX(History!$B:$D,COUNTA(History!$A:$A),MATCH(SelectedSKU,History!$B$1:$D$1,0)),-2,0,3,1)) -> 1636.6667 | K4: =_xlfn._xlws.SORT(_xlfn.SEQUENCE(12,1,1,1),1,-1) -> 12
A5: 46054 | B5: =_xlfn.FORECAST.ETS($A5,SKU_A100,Months,Params!$B$4,1) -> 1839.1033 | C5: =_xlfn.FORECAST.ETS($A5,SKU_B200,Months,Params!$B$4,1) -> 853.0397 | D5: =_xlfn.FORECAST.ETS($A5,SKU_C300,Months,Params!$B$4,1) -> 593.5758 | E5: =_xlfn.FORECAST.LINEAR($A5,SKU_A100,Months) -> 1801.3256 | F5: =_xlfn.FORECAST.LINEAR($A5,SKU_B200,Months) -> 835.34526 | G5: =_xlfn.FORECAST.LINEAR($A5,SKU_C300,Months) -> 596.90914 | H5: =TREND(INDIRECT(SUBSTITUTE(SelectedSKU,"-","_")),Months,$A5) -> 1801.3256 | I5: =AVERAGE(OFFSET(INDEX(History!$B:$D,COUNTA(History!$A:$A),MATCH(SelectedSKU,History!$B$1:$D$1,0)),-2,0,3,1)) -> 1636.6667
A6: 46082 | B6: =_xlfn.FORECAST.ETS($A6,SKU_A100,Months,Params!$B$4,1) -> 1960.4591 | C6: =_xlfn.FORECAST.ETS($A6,SKU_B200,Months,Params!$B$4,1) -> 907.69131 | D6: =_xlfn.FORECAST.ETS($A6,SKU_C300,Months,Params!$B$4,1) -> 616.40875 | E6: =_xlfn.FORECAST.LINEAR($A6,SKU_A100,Months) -> 1816.0146 | F6: =_xlfn.FORECAST.LINEAR($A6,SKU_B200,Months) -> 839.99687 | G6: =_xlfn.FORECAST.LINEAR($A6,SKU_C300,Months) -> 604.40875 | H6: =TREND(INDIRECT(SUBSTITUTE(SelectedSKU,"-","_")),Months,$A6) -> 1816.0146 | I6: =AVERAGE(OFFSET(INDEX(History!$B:$D,COUNTA(History!$A:$A),MATCH(SelectedSKU,History!$B$1:$D$1,0)),-2,0,3,1)) -> 1636.6667
A7: 46113 | B7: =_xlfn.FORECAST.ETS($A7,SKU_A100,Months,Params!$B$4,1) -> 1990.8148 | C7: =_xlfn.FORECAST.ETS($A7,SKU_B200,Months,Params!$B$4,1) -> 961.67625 | D7: =_xlfn.FORECAST.ETS($A7,SKU_C300,Months,Params!$B$4,1) -> 643.2417 | E7: =_xlfn.FORECAST.LINEAR($A7,SKU_A100,Months) -> 1830.7037 | F7: =_xlfn.FORECAST.LINEAR($A7,SKU_B200,Months) -> 844.64848 | G7: =_xlfn.FORECAST.LINEAR($A7,SKU_C300,Months) -> 611.90837 | H7: =TREND(INDIRECT(SUBSTITUTE(SelectedSKU,"-","_")),Months,$A7) -> 1830.7037 | I7: =AVERAGE(OFFSET(INDEX(History!$B:$D,COUNTA(History!$A:$A),MATCH(SelectedSKU,History!$B$1:$D$1,0)),-2,0,3,1)) -> 1636.6667
A8: 46143 | B8: =_xlfn.FORECAST.ETS($A8,SKU_A100,Months,Params!$B$4,1) -> 1995.5039 | C8: =_xlfn.FORECAST.ETS($A8,SKU_B200,Months,Params!$B$4,1) -> 933.6612 | D8: =_xlfn.FORECAST.ETS($A8,SKU_C300,Months,Params!$B$4,1) -> 668.07465 | E8: =_xlfn.FORECAST.LINEAR($A8,SKU_A100,Months) -> 1845.3927 | F8: =_xlfn.FORECAST.LINEAR($A8,SKU_B200,Months) -> 849.30009 | G8: =_xlfn.FORECAST.LINEAR($A8,SKU_C300,Months) -> 619.40798 | H8: =TREND(INDIRECT(SUBSTITUTE(SelectedSKU,"-","_")),Months,$A8) -> 1845.3927 | I8: =AVERAGE(OFFSET(INDEX(History!$B:$D,COUNTA(History!$A:$A),MATCH(SelectedSKU,History!$B$1:$D$1,0)),-2,0,3,1)) -> 1636.6667
A9: 46174 | B9: =_xlfn.FORECAST.ETS($A9,SKU_A100,Months,Params!$B$4,1) -> 1956.8596 | C9: =_xlfn.FORECAST.ETS($A9,SKU_B200,Months,Params!$B$4,1) -> 907.97947 | D9: =_xlfn.FORECAST.ETS($A9,SKU_C300,Months,Params!$B$4,1) -> 642.57426 | E9: =_xlfn.FORECAST.LINEAR($A9,SKU_A100,Months) -> 1860.0818 | F9: =_xlfn.FORECAST.LINEAR($A9,SKU_B200,Months) -> 853.95169 | G9: =_xlfn.FORECAST.LINEAR($A9,SKU_C300,Months) -> 626.90759 | H9: =TREND(INDIRECT(SUBSTITUTE(SelectedSKU,"-","_")),Months,$A9) -> 1860.0818 | I9: =AVERAGE(OFFSET(INDEX(History!$B:$D,COUNTA(History!$A:$A),MATCH(SelectedSKU,History!$B$1:$D$1,0)),-2,0,3,1)) -> 1636.6667
A10: 46204 | B10: =_xlfn.FORECAST.ETS($A10,SKU_A100,Months,Params!$B$4,1) -> 1857.2153 | C10: =_xlfn.FORECAST.ETS($A10,SKU_B200,Months,Params!$B$4,1) -> 864.63108 | D10: =_xlfn.FORECAST.ETS($A10,SKU_C300,Months,Params!$B$4,1) -> 650.40721 | E10: =_xlfn.FORECAST.LINEAR($A10,SKU_A100,Months) -> 1874.7709 | F10: =_xlfn.FORECAST.LINEAR($A10,SKU_B200,Months) -> 858.6033 | G10: =_xlfn.FORECAST.LINEAR($A10,SKU_C300,Months) -> 634.40721 | H10: =TREND(INDIRECT(SUBSTITUTE(SelectedSKU,"-","_")),Months,$A10) -> 1874.7709 | I10: =AVERAGE(OFFSET(INDEX(History!$B:$D,COUNTA(History!$A:$A),MATCH(SelectedSKU,History!$B$1:$D$1,0)),-2,0,3,1)) -> 1636.6667
A11: 46235 | B11: =_xlfn.FORECAST.ETS($A11,SKU_A100,Months,Params!$B$4,1) -> 1827.571 | C11: =_xlfn.FORECAST.ETS($A11,SKU_B200,Months,Params!$B$4,1) -> 822.28269 | D11: =_xlfn.FORECAST.ETS($A11,SKU_C300,Months,Params!$B$4,1) -> 633.90682 | E11: =_xlfn.FORECAST.LINEAR($A11,SKU_A100,Months) -> 1889.4599 | F11: =_xlfn.FORECAST.LINEAR($A11,SKU_B200,Months) -> 863.25491 | G11: =_xlfn.FORECAST.LINEAR($A11,SKU_C300,Months) -> 641.90682 | H11: =TREND(INDIRECT(SUBSTITUTE(SelectedSKU,"-","_")),Months,$A11) -> 1889.4599 | I11: =AVERAGE(OFFSET(INDEX(History!$B:$D,COUNTA(History!$A:$A),MATCH(SelectedSKU,History!$B$1:$D$1,0)),-2,0,3,1)) -> 1636.6667
A12: 46266 | B12: =_xlfn.FORECAST.ETS($A12,SKU_A100,Months,Params!$B$4,1) -> 1764.9268 | C12: =_xlfn.FORECAST.ETS($A12,SKU_B200,Months,Params!$B$4,1) -> 780.26763 | D12: =_xlfn.FORECAST.ETS($A12,SKU_C300,Months,Params!$B$4,1) -> 604.40644 | E12: =_xlfn.FORECAST.LINEAR($A12,SKU_A100,Months) -> 1904.149 | F12: =_xlfn.FORECAST.LINEAR($A12,SKU_B200,Months) -> 867.90652 | G12: =_xlfn.FORECAST.LINEAR($A12,SKU_C300,Months) -> 649.40644 | H12: =TREND(INDIRECT(SUBSTITUTE(SelectedSKU,"-","_")),Months,$A12) -> 1904.149 | I12: =AVERAGE(OFFSET(INDEX(History!$B:$D,COUNTA(History!$A:$A),MATCH(SelectedSKU,History!$B$1:$D$1,0)),-2,0,3,1)) -> 1636.6667
A13: 46296 | B13: =_xlfn.FORECAST.ETS($A13,SKU_A100,Months,Params!$B$4,1) -> 1790.2825 | C13: =_xlfn.FORECAST.ETS($A13,SKU_B200,Months,Params!$B$4,1) -> 795.91924 | D13: =_xlfn.FORECAST.ETS($A13,SKU_C300,Months,Params!$B$4,1) -> 645.23938 | E13: =_xlfn.FORECAST.LINEAR($A13,SKU_A100,Months) -> 1918.8381 | F13: =_xlfn.FORECAST.LINEAR($A13,SKU_B200,Months) -> 872.55813 | G13: =_xlfn.FORECAST.LINEAR($A13,SKU_C300,Months) -> 656.90605 | H13: =TREND(INDIRECT(SUBSTITUTE(SelectedSKU,"-","_")),Months,$A13) -> 1918.8381 | I13: =AVERAGE(OFFSET(INDEX(History!$B:$D,COUNTA(History!$A:$A),MATCH(SelectedSKU,History!$B$1:$D$1,0)),-2,0,3,1)) -> 1636.6667
A14: 46327 | B14: =_xlfn.FORECAST.ETS($A14,SKU_A100,Months,Params!$B$4,1) -> 1814.6382 | C14: =_xlfn.FORECAST.ETS($A14,SKU_B200,Months,Params!$B$4,1) -> 801.57085 | D14: =_xlfn.FORECAST.ETS($A14,SKU_C300,Months,Params!$B$4,1) -> 636.07233 | E14: =_xlfn.FORECAST.LINEAR($A14,SKU_A100,Months) -> 1933.5271 | F14: =_xlfn.FORECAST.LINEAR($A14,SKU_B200,Months) -> 877.20974 | G14: =_xlfn.FORECAST.LINEAR($A14,SKU_C300,Months) -> 664.40566 | H14: =TREND(INDIRECT(SUBSTITUTE(SelectedSKU,"-","_")),Months,$A14) -> 1933.5271 | I14: =AVERAGE(OFFSET(INDEX(History!$B:$D,COUNTA(History!$A:$A),MATCH(SelectedSKU,History!$B$1:$D$1,0)),-2,0,3,1)) -> 1636.6667
A15: 46357 | B15: =_xlfn.FORECAST.ETS($A15,SKU_A100,Months,Params!$B$4,1) -> 1928.3273 | C15: =_xlfn.FORECAST.ETS($A15,SKU_B200,Months,Params!$B$4,1) -> 860.22246 | D15: =_xlfn.FORECAST.ETS($A15,SKU_C300,Months,Params!$B$4,1) -> 699.23861 | E15: =_xlfn.FORECAST.LINEAR($A15,SKU_A100,Months) -> 1948.2162 | F15: =_xlfn.FORECAST.LINEAR($A15,SKU_B200,Months) -> 881.86135 | G15: =_xlfn.FORECAST.LINEAR($A15,SKU_C300,Months) -> 671.90528 | H15: =TREND(INDIRECT(SUBSTITUTE(SelectedSKU,"-","_")),Months,$A15) -> 1948.2162 | I15: =AVERAGE(OFFSET(INDEX(History!$B:$D,COUNTA(History!$A:$A),MATCH(SelectedSKU,History!$B$1:$D$1,0)),-2,0,3,1)) -> 1636.6667
A18: SKU | B18: FY26 ETS Total | C18: Std Dev (36m) | D18: Safety Stock | E18: Reorder Point
A19: SKU-A100 | B19: =SUM(B4:B15) -> 22409.116 | C19: =_xlfn.STDEV.S(SKU_A100) -> 216.34718 | D19: =_xlfn.NORM.S.INV(Params!$B$5)*C19*SQRT(Params!$B$6) -> 503.26124 | E19: =B19/12*Params!$B$6+D19 -> 4238.1139
A20: SKU-B200 | B20: =SUM(C4:C15) -> 10275.33 | C20: =_xlfn.STDEV.S(SKU_B200) -> 94.791245 | D20: =_xlfn.NORM.S.INV(Params!$B$5)*C20*SQRT(Params!$B$6) -> 220.50096 | E20: =B20/12*Params!$B$6+D20 -> 1933.056
A21: SKU-C300 | B21: =SUM(D4:D15) -> 7567.8888 | C21: =_xlfn.STDEV.S(SKU_C300) -> 90.894287 | D21: =_xlfn.NORM.S.INV(Params!$B$5)*C21*SQRT(Params!$B$6) -> 211.43595 | E21: =B21/12*Params!$B$6+D21 -> 1472.7508

Sheet Params
A1: Parameters
A3: Selected SKU | B3: SKU-A100
A4: Seasonality (months) | B4: 12
A5: Service level | B5: 0.95
A6: Lead time (months) | B6: 2
